{
  "test_accuracy": "0.8610106",
  "MI[out] acc.": "0.41452127659574467",
  "MI[in] acc.": "0.6065514184397163",
  "MI[all] acc.": "0.5791185410334346",
  "MI_weighted": 0.5150403368794325,
  "MI_worst_case": 0.5601791666666666,
  "MI_class_results": {
    "0": {
      "mi_auc": 0.5066447916666666,
      "class_counts": 2800.0
    },
    "1": {
      "mi_auc": 0.5344125000000001,
      "class_counts": 2800.0
    },
    "2": {
      "mi_auc": 0.5114572916666666,
      "class_counts": 2800.0
    },
    "3": {
      "mi_auc": 0.4800614583333334,
      "class_counts": 2800.0
    },
    "4": {
      "mi_auc": 0.5053052083333334,
      "class_counts": 2800.0
    },
    "5": {
      "mi_auc": 0.5133854166666667,
      "class_counts": 2800.0
    },
    "6": {
      "mi_auc": 0.49859895833333334,
      "class_counts": 2800.0
    },
    "7": {
      "mi_auc": 0.5032625,
      "class_counts": 2800.0
    },
    "8": {
      "mi_auc": 0.5098354166666667,
      "class_counts": 2800.0
    },
    "9": {
      "mi_auc": 0.5588791666666666,
      "class_counts": 2800.0
    },
    "10": {
      "mi_auc": 0.50836875,
      "class_counts": 2800.0
    },
    "11": {
      "mi_auc": 0.5230739583333333,
      "class_counts": 2800.0
    },
    "12": {
      "mi_auc": 0.4872958333333334,
      "class_counts": 2800.0
    },
    "13": {
      "mi_auc": 0.5092541666666667,
      "class_counts": 2800.0
    },
    "14": {
      "mi_auc": 0.4848875,
      "class_counts": 2800.0
    },
    "15": {
      "mi_auc": 0.5333812499999999,
      "class_counts": 2800.0
    },
    "16": {
      "mi_auc": 0.522896875,
      "class_counts": 2800.0
    },
    "17": {
      "mi_auc": 0.5201875,
      "class_counts": 2800.0
    },
    "18": {
      "mi_auc": 0.5158354166666667,
      "class_counts": 2800.0
    },
    "19": {
      "mi_auc": 0.52361875,
      "class_counts": 2800.0
    },
    "20": {
      "mi_auc": 0.4885020833333334,
      "class_counts": 2800.0
    },
    "21": {
      "mi_auc": 0.5175666666666667,
      "class_counts": 2800.0
    },
    "22": {
      "mi_auc": 0.517796875,
      "class_counts": 2800.0
    },
    "23": {
      "mi_auc": 0.5319989583333333,
      "class_counts": 2800.0
    },
    "24": {
      "mi_auc": 0.5117885416666667,
      "class_counts": 2800.0
    },
    "25": {
      "mi_auc": 0.5015208333333333,
      "class_counts": 2800.0
    },
    "26": {
      "mi_auc": 0.5089,
      "class_counts": 2800.0
    },
    "27": {
      "mi_auc": 0.5374135416666667,
      "class_counts": 2800.0
    },
    "28": {
      "mi_auc": 0.481696875,
      "class_counts": 2800.0
    },
    "29": {
      "mi_auc": 0.5341260416666667,
      "class_counts": 2800.0
    },
    "30": {
      "mi_auc": 0.518475,
      "class_counts": 2800.0
    },
    "31": {
      "mi_auc": 0.5134270833333333,
      "class_counts": 2800.0
    },
    "32": {
      "mi_auc": 0.46704999999999997,
      "class_counts": 2800.0
    },
    "33": {
      "mi_auc": 0.5224583333333332,
      "class_counts": 2800.0
    },
    "34": {
      "mi_auc": 0.5025572916666667,
      "class_counts": 2800.0
    },
    "35": {
      "mi_auc": 0.49018958333333335,
      "class_counts": 2800.0
    },
    "36": {
      "mi_auc": 0.5457166666666666,
      "class_counts": 2800.0
    },
    "37": {
      "mi_auc": 0.5110697916666667,
      "class_counts": 2800.0
    },
    "38": {
      "mi_auc": 0.47265416666666665,
      "class_counts": 2800.0
    },
    "39": {
      "mi_auc": 0.5137916666666666,
      "class_counts": 2800.0
    },
    "40": {
      "mi_auc": 0.5601791666666666,
      "class_counts": 2800.0
    },
    "41": {
      "mi_auc": 0.5388552083333333,
      "class_counts": 2800.0
    },
    "42": {
      "mi_auc": 0.506803125,
      "class_counts": 2800.0
    },
    "43": {
      "mi_auc": 0.550190625,
      "class_counts": 2800.0
    },
    "44": {
      "mi_auc": 0.5569572916666666,
      "class_counts": 2800.0
    },
    "45": {
      "mi_auc": 0.5343249999999999,
      "class_counts": 2800.0
    },
    "46": {
      "mi_auc": 0.5202427083333333,
      "class_counts": 2800.0
    }
  },
  "mia_correctness_acc": "0.49982269503546095",
  "mia_confidence_acc": "0.49982269503546095",
  "mia_entropy_acc": "0.4997872340425532",
  "mia_modified_entrpy_acc": "0.49979166666666663",
  "config": {
    "_comment": "====== MEMBERSHIP INFERENCE DEFENSE and ATTACK CONFIGURATION ========",
    "save_dir": "EMNIST_dan4stacks_UC2_noDA",
    "model_dir": "",
    "log_dir": "",
    "model_name": "keras_generator",
    "data_set": "emnist",
    "num_classes": 47,
    "image_size": 28,
    "image_channels": 1,
    "data_path": "data",
    "data_augmentation": false,
    "save_all_epochs": false,
    "save_best_only": true,
    "model_architecture": "daniel_4stacks",
    "conv_filters": [
      32,
      64
    ],
    "dense_units": 1028,
    "mode": "natural",
    "input_name": "input_1",
    "epochs": 50,
    "batch_size": 128,
    "keep_var_names": [
      "Adam",
      "training",
      "save",
      "costs",
      "ArgMax",
      "Equal",
      "Cast",
      "Rank",
      "range",
      "Sum",
      "Cast_1",
      "Rank_1",
      "range_1",
      "Mean"
    ],
    "subtract_pixel_mean": false,
    "with_synthetic_data": false,
    "fit_shuffle": true,
    "flow_shuffle": true,
    "num_eval_examples": 18800,
    "eval_batch_size": 100,
    "eval_on_cpu": false,
    "epsilon": 0.3,
    "num_steps": 40,
    "step_size": 0.01,
    "random_start": true,
    "loss_func": "xent",
    "store_adv_path": "attack.npy",
    "learning_rate": 0.05,
    "l1": -0.005,
    "l2": -0.05,
    "tv": -0.001,
    "blur": -0.15,
    "jitter": 1,
    "evaluate_mi": true,
    "logit_layer": "logits/BiasAdd",
    "threshold_increment": 1,
    "div": 1,
    "div_layers": [
      "activation_4/Relu",
      "conv2d_4/BiasAdd"
    ],
    "div_multiplier": 10,
    "scoop_method": true,
    "partition_data": true,
    "train_size": 0.5,
    "shadow_models": 1,
    "partition_shuffle": true
  }
}
