{
  "test_accuracy": "0.9191",
  "MI[out] acc.": "0.1628",
  "MI[in] acc.": "0.92962",
  "MI[all] acc.": "0.54621",
  "MI_weighted": 0.5380430900000001,
  "MI_worst_case": 0.5863178,
  "MI_class_results": {
    "0": {
      "mi_auc": 0.5462856,
      "class_counts": 6000
    },
    "1": {
      "mi_auc": 0.506924,
      "class_counts": 6000
    },
    "2": {
      "mi_auc": 0.5662238,
      "class_counts": 6000
    },
    "3": {
      "mi_auc": 0.5863178,
      "class_counts": 6000
    },
    "4": {
      "mi_auc": 0.5571004,
      "class_counts": 6000
    },
    "5": {
      "mi_auc": 0.5541226,
      "class_counts": 6000
    },
    "6": {
      "mi_auc": 0.5123343,
      "class_counts": 6000
    },
    "7": {
      "mi_auc": 0.523078,
      "class_counts": 6000
    },
    "8": {
      "mi_auc": 0.5292522,
      "class_counts": 6000
    },
    "9": {
      "mi_auc": 0.4987922,
      "class_counts": 6000
    }
  }
}
